SECOND;GOLD;GOLD_KALMAN;SILVER;SILVER_KALMAN;BRONZE;BRONZE_KALMAN;
0;168;168;111;111;63;63;
180;2336;1304;1105;632;696;395;
240;2225;1658;1118;818;780;543;
300;2348;1883;1223;950;739;607;
360;2219;1983;1109;998;778;658;
420;2448;2116;1073;1019;856;714;
480;2262;2156;1104;1043;810;741;
540;1986;2110;1034;1040;688;726;
600;2104;2108;1107;1059;593;690;
660;1967;2070;1099;1070;642;677;
720;1938;2034;1005;1052;721;689;
780;2012;2028;1132;1074;663;682;
840;2181;2069;1028;1061;826;721;
900;2074;2071;1103;1073;762;732;
960;2194;2104;1062;1070;726;730;
1020;1894;2047;1253;1119;705;724;
1080;2083;2057;1100;1114;675;710;
1140;2160;2085;1021;1089;720;713;
1200;2026;2069;1091;1089;754;724;
1260;2103;2078;1112;1096;764;735;
1320;2105;2085;1229;1132;794;751;
1380;2033;2071;1238;1160;588;707;
1440;1836;2008;984;1113;768;723;
1500;1658;1913;892;1053;600;690;
1560;2001;1937;1004;1040;574;659;
1620;1998;1953;1001;1029;657;658;
1680;1867;1930;1011;1024;676;663;
1740;2088;1973;1251;1086;555;634;
1800;1959;1969;973;1055;590;622;
1860;1721;1902;981;1035;480;584;
1920;1790;1872;919;1004;657;603;
1980;1753;1840;1021;1008;578;597;
2040;1834;1838;1064;1023;512;574;
2100;1794;1826;1012;1020;650;594;
2160;1830;1827;1081;1037;559;585;
2220;1704;1794;965;1017;559;578;
2280;1654;1756;913;989;588;581;
2340;1730;1749;984;988;571;578;
2400;1643;1720;1013;995;747;624;
2460;1691;1712;881;964;569;609;
2520;1710;1712;805;921;517;584;
2580;1848;1749;1110;972;574;581;
2640;1804;1764;983;975;548;572;
2700;1954;1815;1042;993;637;590;
2760;1848;1824;1015;999;633;601;
2820;1734;1800;908;974;530;582;
2880;1937;1837;1027;989;527;567;
2940;1892;1852;953;979;724;610;
3000;1851;1851;906;959;587;603;
3060;1873;1857;901;944;542;587;
3120;1765;1832;900;932;501;564;
3180;1643;1781;938;933;635;583;
3240;1843;1798;848;910;496;559;
3300;1808;1801;886;904;655;585;
3360;1762;1790;927;910;603;590;
3420;1639;1749;938;918;601;593;
3480;1649;1722;833;895;615;599;
3540;1739;1727;971;915;644;611;
3600;1542;1677;984;934;614;612;
3660;1548;1642;845;910;486;578;
3720;1481;1599;843;892;404;531;
3780;1673;1619;746;852;520;528;
3840;1407;1561;766;829;576;541;
3900;1498;1544;682;789;514;534;
3960;1511;1535;780;787;438;508;
4020;1414;1503;832;799;622;539;
4080;1495;1501;735;782;494;527;
4140;1514;1504;790;784;516;524;
4200;1377;1470;767;779;489;514;
4260;1384;1447;686;754;431;492;
4320;1467;1452;797;766;423;473;
4380;1509;1467;755;763;513;484;
4440;1500;1476;970;819;476;482;
4500;1281;1424;835;823;447;472;
4560;1386;1413;726;797;459;469;
4620;1381;1405;896;824;496;476;
4680;1328;1384;728;798;568;501;
4740;1466;1406;817;803;412;477;
4800;1444;1416;847;815;395;455;
4860;1461;1428;850;824;474;460;
4920;1334;1403;776;811;407;446;
4980;1310;1378;905;837;454;448;
5040;1323;1363;947;866;388;432;
5100;1269;1338;851;862;490;447;
5160;1311;1330;757;834;484;457;
5220;1346;1335;909;854;476;462;
5280;1117;1276;761;829;494;471;
5340;1434;1319;930;856;382;447;
5400;1355;1328;941;879;422;440;
5460;1318;1326;862;875;531;465;
5520;1338;1329;909;884;492;472;
5580;1220;1300;904;889;431;461;
5640;1433;1336;802;866;412;448;
5700;1396;1352;776;841;398;434;
5760;1427;1372;808;832;441;436;
5820;1371;1372;831;832;379;421;
5880;1224;1332;900;850;410;418;
5940;1306;1325;775;830;462;430;
6000;1412;1348;864;839;470;441;
6060;1312;1339;798;828;441;441;
6120;1502;1383;809;823;521;462;
6180;1419;1393;870;836;490;470;
6240;1306;1369;935;862;580;500;
6300;1239;1334;904;874;400;473;
6360;1327;1332;804;855;420;458;
6420;1273;1316;807;842;445;455;
6480;1229;1293;874;851;435;449;
6540;1373;1314;865;854;491;461;
6600;1505;1366;900;867;466;462;
6660;1300;1348;781;844;347;431;
6720;1255;1323;680;799;466;440;
6780;1203;1291;847;812;477;450;
6840;1221;1272;834;818;426;444;
6900;1313;1283;803;814;444;444;
6960;1260;1277;915;841;416;436;
7020;1270;1275;1042;896;415;431;
7080;1346;1294;858;885;438;433;
7140;1411;1326;945;901;431;432;
7200;1196;1291;808;876;424;430;
7260;1182;1261;866;873;514;453;
7320;1114;1222;971;900;493;464;
7380;1334;1252;816;877;379;441;
7440;1287;1261;931;892;373;422;
7500;1363;1289;829;875;405;418;
7560;1260;1281;949;895;403;414;
7620;1265;1277;894;895;419;415;
7680;1420;1315;926;903;442;422;
7740;1259;1300;897;901;414;420;
7800;1277;1294;829;882;392;413;
7860;1247;1281;960;903;420;415;
7920;1288;1283;808;877;452;425;
7980;1212;1264;941;895;378;412;
8040;1374;1294;835;878;477;430;
8100;1303;1296;921;890;451;435;
8160;1158;1259;945;905;378;420;
8220;1346;1282;980;925;467;433;
8280;1304;1288;782;886;406;425;
8340;1321;1297;998;917;435;428;
8400;1271;1290;949;925;328;401;
8460;1459;1336;822;897;404;402;
8520;1252;1313;869;890;366;392;
8580;1017;1233;911;895;498;421;
8640;1251;1238;805;871;373;408;
8700;1164;1218;900;879;462;422;
8760;1195;1212;960;901;463;433;
8820;1243;1220;936;910;454;439;
8880;1280;1236;839;891;396;427;
8940;1228;1234;921;899;400;420;
9000;1324;1258;1099;953;399;414;
9060;1215;1247;934;948;360;400;
9120;1124;1214;755;896;401;400;
9180;1278;1231;1004;925;351;387;
9240;1103;1196;994;944;373;383;
9300;1169;1189;994;957;407;390;
9360;980;1133;967;960;394;391;
9420;1115;1128;994;969;386;389;
9480;1106;1122;1161;1021;376;386;
9540;1107;1118;944;1000;380;384;
9600;1278;1161;1027;1007;325;368;
9660;1064;1135;1098;1032;368;368;
9720;1204;1154;1035;1033;361;366;
9780;993;1110;1038;1034;342;360;
9840;976;1074;1000;1025;297;343;
9900;1045;1066;1104;1046;330;339;
9960;1111;1078;980;1028;240;312;
10020;1183;1107;1075;1041;325;316;
10080;1249;1145;1178;1078;313;315;
10140;1082;1128;1092;1082;498;365;
10200;1118;1125;1077;1080;344;359;
10260;1168;1137;1182;1108;319;348;
10320;957;1088;1271;1152;260;324;
10380;1239;1129;1135;1147;351;332;
10440;1004;1095;1166;1152;275;316;
10500;1097;1096;1142;1150;318;317;
10560;1002;1070;1125;1143;312;315;
10620;992;1049;1205;1160;280;306;
10680;1039;1046;1070;1135;381;326;
10740;1076;1054;1076;1119;380;341;
10800;1140;1078;1098;1114;353;344;
10860;1182;1106;1067;1101;338;342;
10920;1022;1083;1186;1124;375;351;
10980;1018;1066;1206;1146;272;330;
11040;1160;1091;1135;1143;307;324;
11100;1002;1067;1152;1146;353;332;
11160;956;1037;1073;1126;277;317;
11220;972;1019;1121;1125;353;327;
11280;1031;1023;1330;1180;312;323;
11340;964;1007;1144;1170;315;321;
11400;928;985;1237;1188;379;336;
11460;845;948;1273;1211;340;337;
11520;1109;991;1276;1229;320;333;
11580;1013;997;1178;1215;364;341;
11640;940;982;1143;1196;315;334;
11700;1024;993;1184;1192;356;340;
11760;1008;997;1371;1241;383;352;
11820;993;996;1310;1259;377;358;
11880;1009;1000;1204;1244;317;347;
11940;1017;1004;1389;1283;283;330;
12000;1113;1034;1199;1261;401;349;
12060;1000;1025;1309;1274;340;347;
12120;1116;1049;1164;1244;355;349;
12180;1001;1036;1431;1295;321;341;
12240;1085;1049;1295;1295;331;339;
12300;1073;1056;1262;1286;261;318;
12360;936;1023;1336;1299;328;320;
12420;1071;1036;1175;1266;357;330;
12480;883;995;1190;1245;272;315;
12540;1154;1038;1152;1220;377;331;
12600;1102;1055;1129;1195;346;335;
12660;951;1027;1422;1257;274;319;
12720;932;1001;1145;1227;334;323;
12780;940;985;1047;1178;271;309;
12840;1147;1029;1177;1178;367;325;
12900;972;1013;1145;1169;309;320;
12960;923;989;1181;1172;341;326;
13020;1087;1015;1208;1182;301;319;
13080;896;983;1096;1159;272;306;
13140;965;978;1227;1177;304;306;
13200;911;960;1135;1166;356;319;
13260;935;953;1191;1173;280;309;
13320;926;946;1127;1160;373;326;
13380;830;915;1238;1181;325;326;
13440;978;932;1053;1147;316;323;
13500;948;936;1044;1119;296;316;
13560;997;953;1104;1115;373;331;
13620;1076;986;1167;1129;359;339;
13680;862;952;1112;1124;275;322;
13740;938;949;1231;1153;350;329;
13800;899;935;1129;1147;360;338;
13860;954;940;1153;1148;271;320;
13920;1007;958;1075;1129;315;318;
13980;1109;999;1114;1125;328;321;
14040;1084;1022;1033;1100;306;317;
14100;900;989;1106;1102;309;315;
14160;886;961;1116;1105;365;328;
14220;1020;977;1082;1099;235;303;
14280;962;973;1146;1112;344;314;
14340;885;949;1193;1134;341;321;
14400;898;935;1063;1115;300;316;
14460;971;945;1174;1131;375;332;
14520;1062;977;1205;1151;293;321;
14580;1107;1012;1016;1114;297;315;
14640;879;976;1210;1140;225;290;
14700;937;965;1227;1164;329;301;
14760;933;957;1085;1142;272;293;
14820;1021;974;1031;1112;287;291;
14880;787;924;992;1080;321;299;
14940;996;943;1152;1099;383;322;
15000;888;928;1226;1134;305;317;
15060;992;945;1123;1131;341;324;
15120;1039;971;1200;1149;390;342;
15180;974;972;1153;1150;269;322;
15240;855;940;1159;1153;315;320;
15300;1093;981;1145;1151;358;330;
15360;1059;1002;1063;1127;341;333;
15420;826;955;1205;1148;321;330;
15480;1061;983;1147;1148;264;312;
15540;972;980;1186;1158;288;306;
15600;950;972;1162;1159;343;316;
15660;919;958;1187;1167;247;297;
15720;1007;971;1162;1165;371;317;
15780;959;968;1158;1163;340;323;
15840;901;950;1288;1197;308;319;
15900;764;900;1162;1188;326;321;
15960;901;900;1077;1158;243;300;
16020;862;890;1221;1175;374;320;
16080;927;900;1196;1181;357;330;
16140;973;920;1179;1180;354;336;
16200;961;931;1230;1194;311;330;
16260;984;945;1111;1171;301;322;
16320;858;922;1202;1180;317;321;
16380;1075;963;892;1102;307;317;
16440;1162;1017;1018;1079;307;314;
16500;985;1008;960;1047;316;315;
16560;969;998;1011;1037;266;302;
16620;908;973;982;1022;266;292;
16680;964;971;1143;1055;332;303;
16740;940;963;944;1025;300;302;
16800;1022;979;986;1014;307;303;
16860;819;935;906;985;348;315;
16920;1041;964;992;987;361;328;
16980;1062;990;932;972;334;329;
17040;1047;1006;1069;998;332;330;
17100;1026;1011;1025;1006;233;304;
17160;896;980;977;998;245;288;
17220;974;978;977;992;288;288;
17280;975;978;1031;1003;193;262;
17340;944;968;1123;1035;307;274;
17400;827;930;1115;1057;287;278;
17460;879;916;1068;1060;284;279;
17520;907;914;1108;1073;248;271;
17580;1057;953;859;1015;250;265;
17640;1127;1000;961;1000;296;274;
17700;981;995;1112;1031;309;283;
17760;807;944;917;1000;271;280;
17820;962;949;1022;1006;295;284;
17880;889;933;1084;1027;366;306;
17940;989;948;1030;1028;277;298;
18000;918;940;892;991;315;303;
18060;960;945;1054;1008;252;289;
18120;975;953;977;1000;415;323;
18180;1000;966;1043;1011;384;340;
18240;831;929;955;996;231;310;
18300;802;895;1069;1016;305;309;
18360;923;903;1134;1048;311;309;
18420;1047;942;939;1018;270;299;
18480;958;946;1037;1023;271;291;
18540;922;940;924;997;304;295;
18600;1028;963;1027;1005;226;276;
18660;890;944;1027;1011;241;267;
18720;953;946;954;995;353;290;
18780;933;943;944;982;295;291;
18840;937;941;964;977;348;307;
18900;1079;978;992;981;284;301;
18960;1023;990;1000;986;334;310;
19020;893;964;861;952;298;306;
19080;1089;998;1066;983;271;297;
19140;942;983;892;958;326;305;
19200;965;978;945;955;337;313;
19260;964;974;838;923;370;329;
19320;997;980;940;928;267;312;
19380;1004;987;898;920;297;308;
19440;984;986;888;911;305;307;
19500;984;985;1007;937;264;296;
19560;1001;990;887;924;340;308;
19620;968;984;975;937;277;299;
19680;981;983;993;952;284;295;
19740;951;974;1003;966;245;282;
19800;1041;992;1003;976;341;298;
19860;1000;994;972;975;270;290;
19920;860;958;874;948;280;287;
19980;1109;999;970;954;308;293;
20040;1089;1023;932;948;279;289;
20100;953;1004;840;919;294;291;
20160;1010;1006;907;916;312;296;
20220;1073;1024;882;906;246;283;
20280;919;996;894;903;329;295;
20340;1014;1001;906;904;258;285;
20400;922;979;840;887;313;293;
20460;1081;1007;779;858;358;310;
20520;992;1003;864;859;314;311;
20580;1028;1010;1068;916;296;307;
20640;1221;1067;871;904;300;305;
20700;1241;1114;821;881;250;290;
20760;1023;1089;858;875;269;285;
20820;1065;1083;811;858;267;280;
20880;999;1060;997;895;269;277;
20940;1071;1063;959;913;193;254;
21000;935;1028;939;920;184;235;
21060;1055;1036;840;898;307;255;
21120;1238;1090;951;912;253;254;
21180;808;1014;940;920;216;244;
21240;1071;1029;941;926;276;253;
21300;1094;1047;836;901;280;260;
21360;1109;1064;920;906;268;262;
21420;971;1039;890;902;267;263;
21480;1089;1052;898;901;312;277;
21540;1051;1052;799;873;265;273;
21600;1285;1115;843;865;272;273;
21660;969;1075;821;853;344;292;
21720;1065;1073;817;843;243;279;
21780;1106;1082;747;817;292;282;
21840;967;1051;1011;870;263;277;
21900;1042;1048;773;844;295;282;
21960;1180;1084;814;836;274;280;
22020;1039;1072;828;834;242;270;
22080;1218;1111;788;821;294;276;
22140;999;1081;809;818;267;274;
22200;1024;1066;928;848;224;260;
22260;1013;1051;971;881;294;269;
22320;1103;1065;951;900;222;257;
22380;1235;1111;754;860;202;242;
22440;1032;1090;787;841;270;249;
22500;1029;1073;888;853;265;254;
22560;1017;1058;828;847;322;272;
22620;952;1029;789;831;316;284;
22680;1002;1022;887;846;257;277;
22740;992;1014;823;840;316;287;
22800;1116;1042;766;820;238;274;
22860;1083;1053;730;796;343;293;
22920;1008;1041;802;797;249;281;
22980;1203;1084;748;784;301;286;
23040;1166;1107;783;784;312;293;
23100;1157;1120;772;781;357;310;
23160;1223;1148;763;776;255;295;
23220;1295;1188;571;720;319;302;
23280;1162;1181;771;734;302;302;
23340;990;1129;800;752;275;295;
23400;1095;1120;777;759;290;293;
23460;1225;1148;778;764;310;298;
23520;1321;1195;684;742;380;320;
23580;1066;1160;767;749;345;327;
23640;1158;1160;822;769;298;319;
23700;1238;1181;799;777;323;320;
23760;1197;1185;725;763;306;316;
23820;990;1132;807;775;281;307;
23880;1144;1136;702;755;225;285;
23940;1143;1138;851;781;238;272;
24000;1259;1170;906;815;313;283;
24060;1227;1186;767;802;363;305;
24120;1063;1153;764;792;306;305;
24180;1116;1143;830;802;286;300;
24240;1158;1147;863;818;241;284;
24300;1226;1168;893;839;329;296;
24360;1224;1183;772;821;240;281;
24420;1258;1203;831;823;302;287;
24480;1205;1204;886;840;325;297;
24540;1136;1186;945;869;331;306;
24600;1186;1186;895;876;295;303;
24660;1339;1227;931;891;282;297;
24720;1428;1281;966;911;281;293;
24780;1434;1323;1003;936;252;282;
24840;1335;1326;870;918;325;294;
24900;1315;1323;927;920;294;294;
24960;1219;1295;960;931;260;285;
25020;1489;1347;955;938;325;296;
25080;1405;1363;922;933;351;310;
25140;1427;1380;941;935;303;308;
25200;1285;1355;894;924;253;293;
25260;1394;1365;873;910;359;311;
25320;1372;1367;1133;971;316;312;
25380;1267;1340;1073;998;284;305;
25440;1325;1336;898;971;345;316;
25500;1326;1333;1061;995;278;305;
25560;1229;1305;943;981;359;320;
25620;1442;1342;987;983;311;318;
25680;1384;1353;945;973;341;324;
25740;1448;1379;827;933;332;326;
25800;1600;1439;912;928;291;317;
25860;1363;1418;933;929;405;340;
25920;1471;1432;876;915;374;350;
25980;1329;1405;815;888;360;352;
26040;1313;1380;945;903;384;361;
26100;1125;1311;812;879;306;346;
26160;1291;1306;921;890;355;348;
26220;1643;1397;864;883;369;354;
26280;1548;1438;1030;923;317;344;
26340;1325;1407;889;914;326;339;
26400;1306;1380;997;936;360;345;
26460;1539;1423;1188;1004;360;349;
26520;1486;1440;1049;1016;335;345;
26580;1465;1447;1140;1050;370;352;
26640;1653;1502;981;1031;355;353;
26700;1397;1474;1109;1052;372;358;
26760;1440;1465;1043;1050;430;377;
26820;1479;1469;1096;1062;372;376;
26880;1611;1507;1045;1058;365;373;
26940;1509;1508;1126;1076;335;363;
27000;1603;1533;1040;1066;378;367;
27060;1589;1548;1084;1071;398;375;
27120;1619;1567;1026;1059;377;376;
27180;1505;1551;988;1040;346;368;
27240;1444;1522;1166;1074;392;374;
27300;1475;1509;986;1050;439;392;
27360;1598;1533;1164;1081;403;395;
27420;1519;1529;1153;1100;282;364;
27480;1661;1565;1136;1110;387;370;
27540;1678;1595;1088;1104;409;381;
27600;1573;1589;1125;1110;426;393;
27660;1632;1601;1228;1142;402;395;
27720;1692;1626;1136;1140;467;415;
27780;1610;1621;1251;1170;328;391;
27840;1716;1647;1167;1169;380;388;
27900;1732;1670;1077;1144;448;404;
27960;1852;1719;1168;1151;476;424;
28020;1597;1686;1102;1138;377;411;
28080;1730;1698;1096;1126;369;400;
28140;1712;1702;1060;1108;421;405;
28200;1662;1691;1160;1122;383;399;
28260;1873;1740;1200;1143;378;394;
28320;1573;1695;1092;1129;332;377;
28380;1764;1714;1005;1096;363;373;
28440;1665;1701;1149;1110;362;370;
28500;1667;1691;1159;1123;379;373;
28560;1776;1714;1200;1144;428;388;
28620;1667;1702;1236;1169;393;389;
28680;1938;1765;1282;1199;420;397;
28740;1810;1777;1263;1217;355;386;
28800;1907;1812;1346;1252;473;409;
28860;1716;1786;1287;1261;498;433;
28920;1606;1738;1229;1252;387;421;
28980;1673;1720;1338;1276;358;404;
29040;1928;1776;1144;1240;411;406;
29100;1854;1797;1199;1229;410;407;
29160;1821;1804;1241;1232;362;395;
29220;1845;1815;1212;1227;305;371;
29280;1979;1859;1349;1260;415;383;
29340;1716;1821;1255;1258;386;383;
29400;1631;1769;1225;1249;379;382;
29460;1734;1760;1266;1254;413;391;
29520;1793;1769;1263;1256;308;368;
29580;1740;1761;1201;1241;392;375;
29640;1975;1819;1241;1241;358;370;
29700;1889;1838;1255;1245;450;392;
29760;1636;1783;1322;1266;361;383;
29820;1683;1756;1233;1257;410;391;
29880;1724;1747;1147;1227;386;389;
29940;1684;1730;1286;1243;376;386;
30000;1780;1744;1438;1296;347;375;
30060;1757;1747;1119;1248;353;369;
30120;1730;1743;1226;1242;429;385;
30180;1765;1749;1383;1280;390;387;
30240;1912;1793;1234;1268;341;374;
30300;2024;1855;1142;1234;429;389;
30360;1798;1840;1175;1218;434;401;
30420;1985;1879;1240;1224;447;414;
30480;1784;1853;1224;1224;459;426;
30540;1804;1840;1084;1186;358;408;
30600;1988;1880;1090;1160;475;426;
30660;1802;1859;1059;1133;445;431;
30720;1972;1889;1003;1098;391;420;
30780;1939;1903;1251;1139;411;418;
30840;1843;1887;1031;1110;446;425;
30900;2020;1923;1275;1155;395;417;
30960;2024;1950;1196;1166;382;408;
31020;2144;2002;1076;1141;421;411;
31080;1999;2002;1137;1140;457;424;
31140;2039;2012;1180;1151;488;441;
31200;1616;1905;1181;1159;419;435;
31260;1838;1887;1356;1212;445;438;
31320;1898;1890;1052;1169;369;419;
31380;1864;1883;1161;1167;398;413;
31440;1922;1893;1102;1149;413;413;
31500;1971;1914;1263;1180;474;430;
31560;2192;1989;1188;1182;466;440;
31620;2224;2053;1107;1162;410;432;
31680;1987;2035;1118;1150;397;422;
31740;1958;2014;1117;1141;404;417;
31800;2087;2034;1026;1110;425;419;
31860;2172;2071;1013;1084;407;416;
31920;1921;2031;1034;1070;456;427;
31980;2085;2045;1088;1075;542;458;
32040;2393;2139;928;1035;469;461;
32100;2515;2241;952;1013;583;494;
32160;2543;2322;1001;1010;605;524;
32220;2162;2279;938;990;602;545;
32280;2331;2293;833;948;423;512;
32340;2258;2284;917;939;574;529;
32400;2309;2290;889;926;630;556;
32460;2275;2286;886;915;512;544;
32520;2249;2276;871;903;486;528;
32580;2337;2293;894;901;569;539;
32640;2055;2228;735;856;598;555;
32700;2128;2201;826;848;585;563;
32760;2149;2187;886;858;572;566;
32820;2135;2173;869;861;501;548;
32880;2073;2146;890;869;599;562;
32940;1833;2061;788;847;733;608;
33000;2193;2097;802;835;433;561;
33060;2134;2107;903;853;555;559;
33120;2089;2102;884;862;576;564;
33180;2147;2114;847;858;554;561;
33240;1783;2025;829;850;604;573;
33300;1943;2003;741;820;663;597;
33360;2236;2066;840;826;509;573;
33420;1868;2012;785;815;548;566;
33480;1816;1959;811;814;648;588;
33540;1869;1935;652;770;631;600;
33600;1853;1913;897;804;656;615;
33660;1999;1936;877;824;677;632;
33720;1917;1931;811;820;640;634;
33780;1877;1916;653;775;649;638;
33840;1953;1926;769;774;602;628;
33900;1748;1878;869;799;791;672;
33960;1892;1882;752;787;690;677;
34020;1994;1912;813;794;570;648;
34080;2024;1942;712;772;599;635;
34140;1853;1918;750;766;687;649;
34200;1811;1889;843;787;645;648;
34260;1864;1882;735;773;541;619;
34320;1915;1891;823;786;590;611;
34380;1767;1858;809;792;756;650;
34440;1857;1857;742;779;623;643;
34500;1996;1895;739;768;700;658;
34560;1849;1883;768;768;699;669;
34620;1915;1891;866;795;625;657;
34680;1875;1887;749;782;580;636;
34740;1967;1909;749;773;650;640;
34800;1859;1895;901;808;578;623;
34860;1909;1899;768;797;733;653;
34920;1890;1896;855;813;643;650;
34980;1894;1896;681;777;691;661;
35040;1936;1907;941;821;706;673;
35100;1959;1921;868;834;738;691;
35160;1858;1904;860;841;696;692;
35220;1817;1880;782;825;858;737;
35280;1627;1812;856;833;738;737;
35340;1682;1777;735;807;824;761;
35400;1837;1793;862;822;723;751;
35460;1856;1810;801;816;722;743;
35520;1769;1799;774;805;638;714;
35580;1735;1782;841;815;791;735;
35640;1691;1757;943;849;739;736;
35700;1754;1756;940;874;740;737;
35760;1711;1744;982;903;701;727;
35820;1677;1726;854;890;874;767;
35880;1668;1710;909;895;751;763;
35940;1678;1702;866;887;670;738;
36000;1711;1704;906;892;723;734;
36060;1694;1701;790;865;786;748;
36120;1571;1666;925;881;812;765;
36180;1447;1607;978;907;788;771;
36240;1554;1593;1052;946;749;765;
36300;1492;1565;938;944;792;773;
36360;1444;1533;877;926;865;797;
36420;1743;1589;973;939;724;778;
36480;1635;1602;1107;984;956;826;
36540;1496;1573;1006;990;873;839;
36600;1464;1544;722;918;910;858;
36660;1462;1522;911;916;831;851;
36720;1705;1571;969;930;857;852;
36780;1467;1543;933;931;832;847;
36840;1613;1562;1031;958;816;839;
36900;1504;1546;884;938;808;830;
36960;1472;1526;999;954;991;874;
37020;1506;1521;925;947;787;850;
37080;1707;1571;946;946;773;829;
37140;1489;1549;1003;962;847;834;
37200;1447;1521;872;937;967;870;
37260;1473;1508;895;926;859;867;
37320;1488;1503;892;917;735;831;
37380;1566;1520;839;896;852;837;
37440;1431;1496;1050;937;866;845;
37500;1491;1495;1019;959;815;837;
37560;1421;1475;1022;976;914;858;
37620;1476;1475;914;960;903;870;
37680;1563;1499;958;959;893;876;
37740;1569;1518;1015;974;806;857;
37800;1558;1529;837;937;827;849;
37860;1556;1536;1012;957;843;847;
37920;1427;1507;1008;971;741;819;
37980;1665;1549;843;936;814;817;
38040;1686;1586;966;944;890;837;
38100;1612;1593;848;918;863;844;
38160;1495;1567;1106;969;880;854;
38220;1547;1561;950;964;669;804;
38280;1508;1547;891;944;844;815;
38340;1429;1515;935;942;896;837;
38400;1487;1507;901;931;656;788;
38460;1542;1517;1023;956;712;767;
38520;1337;1468;826;921;816;780;
38580;1555;1492;1016;946;707;761;
38640;1384;1463;879;928;750;758;
38700;1538;1483;999;947;760;758;
38760;1253;1421;1016;966;682;738;
38820;1357;1404;914;952;782;750;
38880;1360;1392;1036;975;696;735;
38940;1498;1421;986;978;887;776;
39000;1507;1444;930;965;762;772;
39060;1578;1480;929;955;818;785;
39120;1511;1488;926;947;776;782;
39180;1431;1473;1066;979;788;784;
39240;1505;1482;925;965;778;782;
39300;1423;1466;952;961;787;784;
39360;1374;1441;882;940;736;771;
39420;1521;1463;1059;972;793;777;
39480;1355;1434;940;963;670;748;
39540;1518;1456;1111;1003;704;736;
39600;1396;1440;1089;1026;617;704;
39660;1425;1436;1129;1054;623;682;
39720;1480;1448;963;1030;743;699;
39780;1350;1421;1125;1055;553;659;
39840;1210;1364;1197;1094;603;644;
39900;1249;1333;1154;1110;631;640;
39960;1135;1280;1054;1095;648;643;
40020;1152;1245;1170;1115;605;632;
40080;1243;1245;1160;1127;611;627;
40140;1248;1245;1153;1134;601;620;
40200;1275;1253;1206;1154;638;625;
40260;1221;1245;1288;1190;534;600;
40320;1068;1197;1276;1213;604;601;
40380;1256;1213;1056;1171;572;593;
40440;1088;1179;1156;1167;599;595;
40500;1188;1182;1041;1133;490;567;
40560;1257;1202;1194;1149;531;557;
40620;1157;1190;1205;1164;547;554;
40680;1259;1208;1246;1186;621;572;
40740;1337;1243;1194;1188;798;633;
40800;1401;1286;1181;1186;495;596;
40860;1145;1248;1388;1241;579;591;
40920;1201;1235;1312;1260;603;594;
40980;1127;1206;1209;1246;566;587;
41040;1034;1159;1249;1247;560;580;
41100;1110;1146;1293;1259;484;554;
41160;1293;1186;1147;1229;664;584;
41220;1029;1143;1179;1216;542;572;
41280;1260;1175;1385;1261;591;577;
41340;1131;1163;1349;1285;623;590;
41400;1148;1159;1395;1315;600;592;
41460;1300;1197;1417;1342;568;586;
41520;1161;1187;1221;1310;596;589;
41580;1132;1172;1262;1297;640;602;
41640;1010;1129;1300;1298;562;592;
41700;1084;1116;1160;1260;679;615;
41760;1165;1130;1067;1208;510;587;
41820;1110;1124;1245;1218;517;568;
41880;1144;1130;1089;1183;471;542;
41940;1191;1146;1036;1143;503;531;
42000;1275;1181;1091;1129;564;540;
42060;1078;1153;1155;1136;621;562;
42120;1170;1158;1125;1133;558;561;
42180;1087;1139;1094;1123;627;579;
42240;1277;1176;1236;1153;597;584;
42300;1184;1178;1126;1146;569;580;
42360;1241;1195;1239;1171;514;562;
42420;1011;1145;1126;1159;593;570;
42480;1065;1124;1279;1191;635;588;
42540;1060;1106;1219;1199;563;581;
42600;1133;1114;1109;1175;535;569;
42660;1074;1103;1076;1148;510;553;
42720;1136;1112;1133;1144;522;544;
42780;1025;1088;957;1093;486;529;
42840;1169;1110;1195;1121;464;511;
42900;1074;1100;1002;1089;506;510;
42960;1033;1082;998;1064;519;512;
43020;1108;1089;994;1045;459;498;
43080;1139;1103;1287;1111;570;517;
43140;1086;1098;1128;1115;406;487;
43200;1102;1099;949;1070;522;497;
43260;1023;1079;1056;1066;652;539;
43320;1037;1067;1009;1051;492;526;
43380;1036;1059;985;1033;436;502;
43440;1118;1075;1090;1048;527;509;
43500;959;1044;1041;1046;487;503;
43560;1036;1042;1049;1047;459;491;
43620;1125;1064;889;1004;475;487;
43680;1046;1059;1021;1009;459;479;
43740;1132;1079;1031;1015;513;488;
43800;1017;1062;1038;1021;474;484;
43860;1021;1051;1143;1054;426;469;
43920;1091;1062;811;988;472;470;
43980;1009;1048;890;962;369;442;
44040;1044;1047;1091;997;525;465;
44100;1071;1053;964;988;456;462;
44160;1033;1048;1019;996;437;456;
44220;1026;1042;948;983;520;473;
44280;1041;1042;1045;1000;476;474;
44340;924;1010;1024;1006;430;462;
44400;1119;1039;926;985;547;485;
44460;887;998;996;988;451;476;
44520;997;998;973;984;398;455;
44580;1022;1004;1013;992;515;471;
44640;940;987;918;972;476;472;
44700;899;963;855;940;437;463;
44760;995;972;898;929;373;439;
44820;1014;983;979;942;460;444;
44880;1044;1000;1090;982;457;448;
44940;944;985;967;978;486;458;
45000;1095;1014;923;963;537;479;
45060;1020;1016;1049;986;394;456;
45120;1056;1027;868;954;486;464;
45180;1034;1029;847;925;385;443;
45240;868;985;839;902;366;422;
45300;841;946;938;912;422;422;
45360;950;947;814;885;449;429;
45420;953;949;971;908;381;416;
45480;925;942;918;911;375;405;
45540;867;922;1002;936;469;422;
45600;1091;968;923;932;452;430;
45660;1011;979;846;909;404;423;
45720;931;966;847;892;377;411;
45780;1028;983;727;848;549;448;
45840;953;975;783;830;394;433;
45900;1102;1009;827;829;380;419;
45960;874;973;699;794;354;401;
46020;1017;985;762;785;439;412;
46080;965;979;814;793;417;413;
46140;1000;985;776;789;356;398;
46200;974;982;893;817;304;372;
46260;879;954;709;788;464;397;
46320;1071;986;679;758;411;401;
46380;844;947;841;781;389;398;
46440;806;909;878;807;482;420;
46500;1103;962;787;802;329;396;
46560;1029;980;696;773;432;406;
46620;907;960;734;762;368;395;
46680;879;938;806;774;386;393;
46740;939;938;764;771;320;373;
46800;1009;957;724;759;402;381;
46860;1012;972;729;751;367;377;
46920;1017;984;733;746;313;360;
46980;991;986;825;767;422;377;
47040;909;965;833;785;374;376;
47100;870;940;716;766;409;385;
47160;1016;960;768;767;371;381;
47220;989;968;733;758;339;370;
47280;976;970;713;746;386;374;
47340;1036;988;724;740;374;374;
47400;994;990;893;781;321;360;
47460;902;966;844;798;337;354;
47520;998;975;750;785;384;362;
47580;1000;981;805;791;451;386;
47640;1097;1013;776;787;447;402;
47700;1013;1013;811;793;404;403;
47760;958;998;783;790;364;392;
47820;871;964;807;795;440;405;
47880;902;947;914;827;393;402;
47940;955;949;857;835;356;390;
48000;932;945;721;804;389;389;
48060;1039;970;843;815;351;379;
48120;904;952;824;817;422;391;
48180;970;957;770;804;391;391;
48240;869;933;654;764;378;387;
48300;893;922;820;779;419;396;
48360;911;919;787;781;332;379;
48420;987;938;815;790;361;374;
48480;1077;975;765;783;475;401;
48540;944;967;833;797;448;414;
48600;1057;991;764;788;314;387;
48660;1095;1019;788;788;442;402;
48720;1015;1018;805;793;279;369;
48780;998;1013;906;823;369;369;
48840;929;990;695;789;360;366;
48900;1003;994;686;761;385;371;
48960;936;978;803;772;368;370;
49020;909;959;828;787;364;369;
49080;1005;972;1026;852;364;367;
49140;867;943;830;846;449;389;
49200;877;925;717;811;348;378;
49260;983;941;806;810;352;371;
49320;984;953;815;811;368;370;
49380;983;961;859;824;329;359;
49440;1055;986;775;811;337;353;
49500;985;986;891;832;384;361;
49560;875;956;694;795;361;361;
49620;1013;971;970;842;395;370;
49680;932;961;964;875;400;378;
49740;1000;971;870;874;374;377;
49800;943;964;726;834;348;369;
49860;910;949;795;823;432;386;
49920;1145;1002;804;818;403;391;
49980;1103;1029;736;796;369;385;
50040;883;990;870;816;401;389;
50100;1120;1025;824;818;428;400;
50160;1023;1024;839;824;410;402;
50220;1116;1049;846;830;377;396;
50280;1124;1069;846;834;396;396;
50340;1087;1074;799;825;362;387;
50400;1053;1068;882;840;397;389;
50460;962;1040;914;860;328;373;
50520;931;1010;953;885;365;371;
50580;1054;1022;789;859;426;386;
50640;1080;1038;883;866;321;368;
50700;1086;1051;822;854;326;357;
50760;981;1032;854;854;379;363;
50820;1129;1058;815;843;313;349;
50880;881;1010;933;868;398;362;
50940;942;992;939;887;403;373;
51000;890;964;839;874;388;377;
51060;1055;989;844;866;352;371;
51120;1043;1003;827;855;435;388;
51180;1039;1013;893;866;331;373;
51240;977;1003;957;890;389;377;
51300;887;972;749;852;403;384;
51360;1017;984;947;878;463;405;
51420;1014;992;914;888;377;398;
51480;1043;1006;896;890;361;388;
51540;953;992;931;901;353;378;
51600;1037;1004;1009;930;384;380;
51660;1090;1027;816;899;304;359;
51720;1009;1022;766;863;434;380;
51780;1208;1072;902;874;365;376;
51840;1143;1091;833;863;269;347;
51900;1042;1078;856;861;362;351;
51960;1049;1070;909;874;296;336;
52020;962;1041;864;871;316;331;
52080;1122;1063;811;855;380;344;
52140;1129;1081;903;868;343;344;
52200;999;1059;766;840;375;352;
52260;955;1031;885;852;253;325;
52320;899;995;902;866;271;311;
52380;1099;1023;898;875;355;323;
52440;1045;1029;873;874;338;327;
52500;1093;1046;990;905;284;315;
52560;1160;1077;869;896;325;318;
52620;1241;1121;896;896;314;317;
52680;1037;1099;992;922;402;340;
52740;1126;1106;1055;958;305;330;
52800;1102;1105;954;957;313;326;
52860;1090;1101;1022;974;345;331;
52920;1223;1134;894;953;301;323;
52980;999;1097;847;924;344;329;
53040;1052;1085;888;914;323;327;
53100;1259;1132;944;922;345;332;
53160;1145;1136;983;939;425;357;
53220;1133;1135;900;928;396;368;
53280;1184;1148;906;922;284;345;
53340;1120;1141;885;912;327;340;
53400;1052;1117;916;913;372;349;
53460;1173;1132;1021;942;271;328;
53520;1216;1155;1057;973;288;317;
53580;1134;1149;969;972;318;317;
53640;1080;1130;1029;988;390;337;
53700;1154;1137;851;951;304;328;
53760;1240;1165;1050;977;300;320;
53820;1196;1173;1033;992;339;325;
53880;1201;1181;1104;1023;341;330;
53940;1205;1187;1029;1024;304;323;
54000;1114;1167;999;1017;291;314;
54060;1234;1185;1133;1049;242;295;
54120;1062;1152;1098;1062;323;302;
54180;1318;1197;976;1039;257;290;
54240;1123;1177;1032;1037;366;311;
54300;1242;1195;959;1016;313;311;
54360;1142;1180;1075;1032;316;313;
54420;1292;1210;868;988;347;322;
54480;1052;1168;1086;1014;342;327;
54540;1209;1179;824;963;263;310;
54600;1090;1155;1026;980;313;311;
54660;1121;1146;971;977;378;329;
54720;1075;1127;926;964;282;316;
54780;1235;1156;980;968;371;331;
54840;1135;1150;1036;986;384;345;
54900;1209;1166;1053;1004;323;339;
54960;1272;1195;952;990;348;342;
55020;1017;1147;1017;997;356;346;
55080;1144;1146;927;978;294;332;
55140;1266;1178;954;972;368;341;
55200;1248;1197;922;958;252;317;
55260;1114;1175;899;942;306;314;
55320;1181;1176;1011;961;315;314;
55380;1340;1221;930;953;300;311;
55440;1204;1216;1195;1018;311;311;
55500;1133;1194;931;995;263;298;
55560;1304;1223;1020;1001;262;288;
55620;1337;1254;1220;1060;335;301;
55680;1172;1232;1103;1072;285;297;
55740;1251;1237;1076;1073;288;294;
55800;1304;1255;1226;1114;345;308;
55860;1171;1232;987;1080;329;314;
55920;1192;1222;1126;1092;288;307;
55980;1247;1228;1025;1074;308;307;
56040;1224;1227;1220;1114;259;294;
56100;1197;1219;1151;1124;305;297;
56160;1140;1198;1025;1097;304;299;
56220;1091;1169;1036;1081;357;315;
56280;1378;1225;1257;1128;335;320;
56340;1145;1204;1089;1118;339;325;
56400;1108;1178;1134;1122;273;311;
56460;1152;1171;1073;1109;248;294;
56520;1272;1198;1041;1090;235;278;
56580;1289;1223;1046;1078;320;289;
56640;1218;1221;1059;1073;345;304;
56700;1078;1183;1046;1066;276;297;
56760;1212;1191;1068;1066;402;325;
56820;1246;1206;945;1034;278;312;
56880;1195;1203;1004;1026;308;311;
56940;1161;1191;978;1013;294;307;
57000;1203;1195;1126;1043;350;318;
57060;1132;1178;911;1008;268;305;
57120;1161;1173;1105;1034;323;310;
57180;1195;1179;980;1019;416;338;
57240;1135;1167;1334;1104;374;348;
57300;1210;1179;1001;1076;348;348;
57360;1166;1175;920;1034;370;354;
57420;1235;1191;1133;1061;300;339;
57480;1164;1184;1224;1105;294;327;
57540;1048;1147;1023;1083;314;324;
57600;1290;1186;974;1053;286;313;
57660;1217;1194;1058;1055;292;308;
57720;1161;1185;1055;1055;278;300;
57780;1192;1187;1074;1060;312;303;
57840;1283;1213;1184;1093;269;294;
57900;1272;1229;1202;1123;368;314;
57960;1171;1213;931;1071;335;320;
58020;1240;1221;1229;1114;306;316;
58080;1229;1223;1067;1101;322;318;
58140;1112;1193;1168;1119;420;345;
58200;1192;1193;1083;1109;266;324;
58260;1143;1179;1030;1088;255;305;
58320;1272;1204;1165;1109;287;300;
58380;1374;1250;970;1071;263;290;
58440;1158;1225;980;1047;321;299;
58500;1135;1201;1140;1072;305;300;
58560;1094;1172;1075;1073;305;302;
58620;1247;1192;901;1026;323;307;
58680;1103;1168;1111;1049;278;299;
58740;1307;1206;1061;1052;317;304;
58800;1381;1253;1135;1075;318;308;
58860;1290;1263;1066;1072;261;295;
58920;1273;1266;1174;1100;320;302;
58980;1260;1264;1089;1097;213;278;
59040;1292;1272;1237;1135;354;298;
59100;1318;1284;1173;1145;272;291;
59160;1170;1253;1079;1127;325;300;
59220;1253;1253;1090;1117;310;303;
59280;1393;1291;1139;1123;331;311;
59340;1402;1321;1164;1134;361;324;
59400;1440;1353;1084;1121;293;316;
59460;1202;1312;1182;1137;324;318;
59520;1166;1273;1196;1153;296;312;
59580;1255;1268;1091;1136;244;294;
59640;1303;1277;1240;1164;340;306;
59700;1231;1265;1149;1160;254;292;
59760;1285;1270;1063;1134;285;290;
59820;1226;1258;1140;1136;254;280;
59880;1338;1280;1144;1138;314;289;
59940;1287;1282;1249;1168;310;295;
60000;1181;1255;1233;1185;249;283;
60060;1340;1278;1180;1184;281;282;
60120;1301;1284;1229;1196;340;298;
60180;1327;1296;1192;1195;228;279;
60240;1215;1274;1097;1169;324;291;
60300;1444;1320;1161;1167;252;281;
60360;1193;1286;1193;1174;289;283;
60420;1229;1270;1257;1196;338;298;
60480;1292;1276;1110;1173;327;306;
60540;1282;1278;1225;1187;319;309;
60600;1316;1288;1142;1175;319;312;
60660;1336;1301;898;1100;275;302;
60720;1377;1322;1274;1147;327;309;
60780;1176;1282;1109;1137;382;328;
60840;1342;1298;1030;1108;339;331;
60900;1089;1242;1200;1133;354;337;
60960;1194;1229;1271;1170;332;336;
61020;1278;1242;960;1113;344;338;
61080;1350;1271;1219;1142;299;328;
61140;1305;1280;1151;1144;255;308;
61200;1196;1258;1053;1120;367;324;
61260;1205;1243;1283;1164;274;310;
61320;1281;1254;1169;1165;273;300;
61380;1344;1278;1145;1160;329;308;
61440;1184;1253;1228;1178;270;298;
61500;1275;1259;1107;1159;319;304;
61560;1223;1249;1286;1193;328;310;
61620;1328;1270;1314;1226;258;296;
61680;1407;1307;1234;1228;308;299;
61740;1359;1321;1299;1247;277;293;
61800;1267;1307;1252;1249;319;300;
61860;1318;1310;1404;1291;242;284;
61920;1433;1343;1229;1274;299;288;
61980;1487;1382;1204;1255;270;283;
62040;1445;1399;1246;1253;248;274;
62100;1472;1419;1079;1206;242;265;
62160;1332;1395;1164;1194;255;262;
62220;1400;1397;1025;1149;337;283;
62280;1542;1436;1101;1136;262;277;
62340;1476;1447;1190;1150;259;272;
62400;1378;1428;1158;1152;287;276;
62460;1488;1444;1255;1180;274;276;
62520;1376;1426;1042;1143;279;277;
62580;1526;1453;1177;1152;294;281;
62640;1445;1451;1031;1119;186;256;
62700;1395;1436;1051;1101;253;255;
62760;1489;1450;1218;1133;288;264;
62820;1416;1441;1158;1139;291;271;
62880;1512;1460;1200;1156;232;261;
62940;1484;1467;1123;1147;283;267;
63000;1537;1486;1188;1158;305;277;
63060;1501;1490;1154;1157;279;278;
63120;1391;1463;1232;1177;304;285;
63180;1502;1474;1234;1193;242;273;
63240;1584;1503;1128;1175;201;254;
63300;1466;1493;1139;1165;213;243;
63360;1471;1487;1201;1175;261;248;
63420;1395;1462;1168;1173;192;233;
63480;1505;1474;1038;1137;265;241;
63540;1577;1502;1079;1121;233;239;
63600;1546;1514;1029;1096;225;235;
63660;1430;1491;1113;1101;261;242;
63720;1591;1518;1006;1075;302;258;
63780;1543;1525;967;1046;233;252;
63840;1543;1530;1061;1050;297;264;
63900;1562;1538;977;1030;260;263;
63960;1497;1527;1068;1040;305;274;
64020;1510;1523;1004;1031;252;268;
64080;1802;1598;968;1014;301;277;
64140;1900;1680;948;996;274;276;
64200;1532;1640;990;994;352;297;
64260;1814;1687;1004;997;238;281;
64320;1849;1731;1109;1027;397;312;
64380;1479;1663;976;1013;292;307;
64440;1882;1722;952;997;246;290;
64500;1725;1723;869;962;348;306;
64560;1816;1748;938;956;367;322;
64620;1902;1790;901;941;348;329;
64680;1789;1789;1014;961;317;326;
64740;1777;1786;899;944;280;314;
64800;1896;1816;899;932;366;328;
64860;1719;1790;907;925;262;310;
64920;1912;1823;922;924;268;299;
64980;1908;1846;939;928;335;308;
65040;2163;1931;897;920;367;324;
65100;2090;1974;873;907;302;318;
65160;2097;2007;867;896;395;339;
65220;2170;2051;802;871;333;337;
65280;2130;2073;830;860;300;327;
65340;2213;2111;771;836;332;329;
65400;1976;2074;906;855;378;342;
65460;1959;2043;773;833;343;342;
65520;1972;2024;851;838;311;334;
65580;2033;2026;805;829;313;328;
65640;2241;2084;865;839;414;351;
65700;2160;2105;799;828;361;354;
65760;1987;2073;815;824;367;357;
65820;2267;2125;931;853;417;374;
65880;2148;2131;964;883;318;359;
65940;2155;2138;796;860;315;347;
66000;2077;2121;925;877;363;351;
66060;2024;2095;973;903;398;364;
66120;2509;2207;735;858;414;377;
66180;2258;2221;753;829;397;383;
66240;2429;2277;703;795;324;367;
66300;2118;2234;772;789;393;374;
66360;2572;2325;804;793;305;355;
66420;2657;2415;869;814;379;362;
66480;2475;2431;926;844;308;347;
66540;2558;2465;882;854;443;373;
66600;2563;2492;783;835;346;366;
66660;2566;2512;868;844;353;362;
66720;2461;2498;813;836;396;371;
66780;2379;2466;1016;884;351;366;
66840;2528;2483;936;898;415;379;
66900;2187;2403;976;919;437;395;
66960;1837;2250;937;924;379;391;
67020;1871;2148;1084;967;502;421;
67080;1967;2099;962;966;486;438;
67140;2009;2075;871;940;377;422;
67200;1783;1996;1200;1010;425;423;
67260;1626;1896;1137;1045;518;448;
67320;1734;1852;1075;1053;510;465;
67380;1525;1764;1226;1100;444;459;
67440;1765;1764;1079;1094;564;488;
67500;1701;1747;1099;1095;461;480;
67560;1648;1720;1084;1092;512;489;
67620;1671;1707;1241;1132;495;491;
67680;1595;1677;1163;1141;561;510;
67740;1786;1706;1390;1208;516;511;
67800;1583;1673;990;1149;448;494;
67860;1528;1634;1277;1184;406;470;
67920;1652;1639;1194;1186;617;510;
67980;1670;1647;1183;1186;477;501;
68040;1764;1679;1141;1174;475;494;
68100;1843;1723;1138;1164;514;499;
68160;1702;1717;1214;1177;444;484;
68220;1664;1703;1190;1181;458;477;
68280;1461;1638;1179;1180;507;485;
68340;1561;1617;1052;1146;493;487;
68400;1541;1596;1165;1151;481;486;
68460;1627;1605;1139;1148;568;508;
68520;1719;1636;1180;1156;361;468;
68580;1507;1601;1154;1156;427;457;
68640;1521;1579;1121;1146;387;438;
68700;1818;1644;1257;1176;460;444;
68760;1826;1693;1166;1173;530;467;
68820;1707;1697;1077;1147;537;486;
68880;1622;1677;1079;1129;533;499;
68940;1572;1648;1148;1134;444;484;
69000;1690;1660;1126;1132;495;487;
69060;1628;1651;1181;1145;548;503;
69120;1736;1674;1242;1171;429;483;
69180;1641;1665;1093;1150;463;478;
69240;1490;1618;1202;1164;566;502;
69300;1588;1610;1040;1131;395;473;
69360;1623;1613;1185;1145;374;446;
69420;1596;1609;1133;1142;477;454;
69480;1616;1611;1129;1138;467;458;
69540;1735;1644;1159;1144;467;460;
69600;1682;1654;1094;1131;402;445;
69660;1658;1655;1100;1122;466;450;
69720;1757;1683;1082;1111;395;435;
69780;1720;1693;1127;1116;375;419;
69840;1576;1661;1234;1148;433;423;
69900;1627;1652;1337;1199;579;465;
69960;1524;1617;1173;1192;465;465;
70020;1494;1584;1139;1178;536;484;
70080;1532;1570;1342;1222;544;500;
70140;1633;1587;1243;1228;475;494;
70200;1408;1539;1200;1220;401;469;
70260;1478;1522;1297;1241;502;478;
70320;1504;1517;1263;1247;539;494;
70380;1555;1528;1241;1245;495;494;
70440;1736;1584;1145;1218;528;503;
70500;1730;1623;1151;1200;562;519;
70560;1439;1574;1066;1164;432;496;
70620;1647;1593;1221;1179;545;509;
70680;1577;1589;1235;1194;420;485;
70740;1671;1611;1081;1164;529;497;
70800;1649;1621;1115;1151;554;512;
70860;1582;1611;1224;1170;580;531;
70920;1541;1592;1174;1171;540;533;
70980;1595;1593;1270;1198;459;513;
71040;1354;1528;1258;1214;524;516;
71100;1421;1499;1096;1182;564;529;
71160;1464;1490;1187;1184;528;529;
71220;1433;1474;1212;1191;513;524;
71280;1550;1495;1225;1200;470;510;
71340;1558;1512;1356;1242;459;496;
71400;1551;1522;1272;1250;523;503;
71460;1373;1482;1189;1234;606;531;
71520;1511;1490;1294;1250;398;495;
71580;1435;1475;1200;1237;460;486;
71640;1648;1522;1391;1278;564;507;
71700;1437;1499;1410;1314;509;507;
71760;1311;1448;1210;1286;495;504;
71820;1708;1518;1202;1263;442;487;
71880;1534;1523;1239;1257;495;489;
71940;1751;1584;1211;1244;417;470;
72000;1506;1563;1504;1314;440;462;
72060;1664;1590;1218;1288;579;493;
72120;1534;1575;1223;1271;465;486;
72180;1483;1550;1355;1293;580;511;
72240;1645;1576;1379;1317;491;506;
72300;1495;1554;1303;1313;420;483;
72360;1463;1529;1209;1285;579;509;
72420;1590;1546;1171;1254;405;481;
72480;1439;1517;1317;1271;521;492;
72540;1428;1493;1061;1214;615;525;
72600;1415;1472;1228;1218;445;503;
72660;1467;1471;1317;1245;597;529;
72720;1418;1456;1119;1211;511;524;
72780;1409;1444;1332;1244;529;525;
72840;1301;1405;924;1157;604;547;
72900;1385;1400;1093;1140;573;554;
72960;1376;1393;1064;1119;653;581;
73020;1364;1385;1267;1159;577;580;
73080;1445;1401;1128;1151;637;595;
73140;1234;1356;1080;1132;593;595;
73200;1283;1336;973;1089;640;607;
73260;1431;1362;1074;1085;621;611;
73320;1374;1365;1034;1071;565;598;
73380;1501;1402;993;1050;544;584;
73440;1421;1407;1061;1053;564;578;
73500;1202;1352;1061;1055;636;594;
73560;1114;1287;999;1040;717;627;
73620;1219;1269;937;1012;625;627;
73680;1299;1277;1039;1019;599;619;
73740;1171;1248;971;1006;679;635;
73800;1233;1244;956;993;541;610;
73860;1515;1317;885;964;764;651;
73920;1229;1294;1048;986;604;639;
73980;1415;1326;952;977;678;649;
74040;1337;1329;913;960;640;647;
74100;1230;1302;1107;1000;623;640;
74160;1227;1282;1098;1026;617;634;
74220;1271;1279;899;992;702;652;
74280;1206;1259;951;981;557;627;
74340;1331;1279;1031;994;661;636;
74400;1246;1270;1025;1003;592;624;
74460;1431;1313;1089;1026;519;596;
74520;1322;1316;899;992;627;604;
74580;1325;1318;881;962;600;603;
74640;1362;1330;1077;993;581;597;
74700;1282;1317;1102;1022;577;592;
74760;1223;1292;1029;1024;755;636;
74820;1193;1265;1054;1032;723;659;
74880;1266;1265;924;1003;611;646;
74940;1209;1250;1006;1004;581;629;
75000;1212;1240;1058;1018;571;613;
75060;1149;1215;1098;1040;682;632;
75120;1114;1188;908;1004;715;654;
75180;1240;1202;932;985;654;654;
75240;1237;1211;924;968;605;641;
75300;1308;1238;824;929;688;654;
75360;1114;1204;973;941;797;692;
75420;1212;1206;835;912;689;691;
75480;1184;1200;886;905;698;693;
75540;1165;1191;1029;939;661;685;
75600;1389;1244;847;914;824;722;
75660;1231;1241;1036;947;817;748;
75720;1153;1217;985;957;772;754;
75780;1113;1189;965;959;812;770;
75840;1236;1202;927;951;675;744;
75900;964;1137;1095;990;648;718;
75960;1050;1114;957;981;674;706;
76020;1014;1087;1077;1007;823;738;
76080;1273;1137;871;970;863;772;
76140;1111;1130;905;953;871;798;
76200;1265;1167;941;949;798;798;
76260;905;1096;850;923;833;808;
76320;1024;1076;868;908;747;791;
76380;943;1040;1074;953;789;791;
76440;1121;1062;903;939;686;762;
76500;1150;1086;1023;962;856;788;
76560;1282;1139;856;933;755;779;
76620;1171;1148;913;928;694;756;
76680;1175;1155;1045;959;715;745;
76740;1270;1186;878;937;733;742;
76800;1107;1165;785;896;739;741;
76860;1084;1143;940;908;732;739;
76920;1116;1136;835;888;808;757;
76980;1153;1140;785;860;811;772;
77040;1242;1168;927;878;735;762;
77100;1179;1171;891;882;707;747;
77160;1050;1138;843;871;762;751;
77220;1132;1137;982;901;833;773;
77280;1141;1138;932;910;642;738;
77340;941;1085;834;889;663;718;
77400;1055;1077;814;869;712;716;
77460;1086;1079;767;841;729;720;
77520;1209;1114;705;804;803;742;
77580;1158;1126;824;810;784;753;
77640;1123;1125;847;820;783;761;
77700;1189;1142;856;830;817;776;
77760;1093;1129;937;859;660;745;
77820;1222;1154;1018;902;751;747;
77880;1287;1190;848;887;808;763;
77940;1189;1190;896;890;788;770;
78000;1071;1158;842;877;792;776;
78060;1050;1129;997;909;879;804;
78120;1099;1121;939;917;928;837;
78180;1199;1142;923;919;787;824;
78240;1146;1143;900;914;771;809;
78300;1085;1127;702;857;835;816;
78360;1148;1133;875;862;684;781;
78420;1061;1113;768;836;926;820;
78480;1050;1096;877;847;799;814;
78540;1054;1085;685;803;852;824;
78600;1093;1087;814;806;802;818;
78660;1114;1094;799;804;860;830;
78720;1116;1100;795;802;777;815;
78780;986;1069;852;815;748;797;
78840;1154;1092;769;803;877;819;
78900;1093;1092;901;829;799;813;
78960;1017;1072;842;833;875;830;
79020;1002;1053;781;819;802;822;
79080;1302;1120;844;826;870;835;
79140;1094;1113;787;815;875;846;
79200;1076;1103;806;813;825;840;
79260;1034;1084;904;837;874;849;
79320;1235;1125;881;849;756;824;
79380;1081;1113;861;852;790;815;
79440;1120;1115;868;857;947;851;
79500;1034;1093;849;855;944;876;
79560;1102;1096;860;856;905;884;
79620;1066;1088;854;855;902;889;
79680;1107;1093;818;845;866;883;
79740;1097;1094;855;848;952;901;
79800;1033;1077;786;831;878;895;
79860;976;1050;746;808;742;854;
79920;1079;1058;699;779;781;834;
79980;1061;1059;890;809;794;823;
80040;1078;1064;888;830;786;813;
80100;1029;1054;877;843;668;774;
80160;998;1039;763;821;699;754;
80220;1029;1036;829;823;677;733;
80280;1101;1054;865;835;762;741;
80340;1044;1051;859;841;724;736;
80400;964;1028;907;859;654;714;
80460;997;1019;671;808;656;698;
80520;994;1013;797;805;713;702;
80580;937;992;931;839;740;712;
80640;962;984;800;829;619;687;
80700;952;975;788;818;747;703;
80760;1006;984;860;829;697;702;
80820;976;982;724;801;659;690;
80880;985;982;753;788;767;711;
80940;913;964;735;774;709;710;
81000;931;955;955;823;639;691;
81060;846;925;767;808;783;716;
81120;1017;950;826;813;665;702;
81180;1030;972;765;800;825;735;
81240;834;935;936;837;787;749;
81300;986;948;927;861;693;734;
81360;870;927;745;830;634;707;
81420;963;937;906;850;863;749;
81480;1010;957;854;851;581;704;
81540;1035;978;797;837;617;680;
81600;891;954;914;858;625;665;
81660;1029;975;1007;898;523;627;
81720;920;960;880;893;726;654;
81780;815;921;890;892;690;663;
81840;1107;971;1004;922;620;652;
81900;844;937;788;886;621;643;
81960;1048;967;932;899;587;628;
82020;936;958;851;886;692;645;
82080;1026;977;900;890;766;678;
82140;960;972;1027;927;665;674;
82200;950;966;804;894;737;691;
82260;912;952;909;898;772;713;
82320;942;949;1079;947;552;670;
82380;884;931;957;949;543;635;
82440;963;940;984;959;591;623;
82500;895;928;1145;1009;551;604;
82560;934;929;813;956;469;567;
82620;854;909;867;932;578;570;
82680;883;902;1044;962;520;557;
82740;1043;940;857;934;531;550;
82800;883;925;1001;952;623;570;
82860;889;915;885;934;663;595;
82920;856;899;828;905;585;592;
82980;847;885;894;902;649;608;
83040;974;909;930;910;565;596;
83100;937;917;1035;944;544;582;
83160;910;915;1009;961;562;577;
83220;894;909;801;918;612;586;
83280;869;898;955;928;634;599;
83340;922;905;1063;964;638;610;
83400;959;919;942;958;607;609;
83460;825;894;886;939;538;590;
83520;835;878;874;921;584;588;
83580;911;887;1076;963;532;573;
83640;882;886;862;936;623;587;
83700;830;871;903;927;636;600;
83760;775;845;952;934;617;605;
83820;919;865;1022;958;662;620;
83880;1000;901;965;960;582;610;
83940;916;905;874;936;536;590;
84000;885;900;994;952;528;573;
84060;1034;936;932;947;641;591;
84120;1058;969;991;959;485;563;
84180;1016;982;993;968;522;552;
84240;1004;988;933;958;424;517;
84300;904;965;958;958;519;518;
84360;768;912;918;947;598;539;
84420;997;935;1109;991;589;553;
84480;1034;962;1049;1007;530;547;
84540;934;954;871;970;676;582;
84600;1058;982;1006;980;560;576;
84660;850;947;1012;988;563;572;
84720;806;909;967;983;462;543;
84780;995;932;799;933;420;509;
84840;992;948;1052;965;452;494;
84900;1094;988;907;949;538;506;
84960;913;967;1009;966;525;511;
85020;933;958;1132;1011;609;537;
85080;1080;991;975;1001;523;534;
85140;827;947;876;967;477;518;
85200;1063;978;873;942;600;540;
85260;973;977;963;947;505;531;
85320;924;962;1049;975;547;535;
85380;785;915;991;979;487;522;
85440;1151;978;1171;1031;440;500;
85500;951;971;861;985;545;512;
85560;942;963;1029;997;509;511;
85620;1028;981;1109;1027;658;551;
85680;944;971;976;1013;520;543;
85740;992;977;1069;1028;708;587;
85800;975;976;941;1005;488;560;
85860;990;980;1063;1021;501;544;
85920;874;951;908;990;505;534;
85980;941;948;896;965;568;543;
86040;1107;991;943;959;556;547;
86100;1147;1033;953;957;521;540;
86160;1116;1056;919;947;590;553;
86220;970;1033;936;944;641;577;
86280;1021;1029;994;957;562;573;
86340;929;1002;873;935;607;582;
86400;0;732;4;683;11;428;
